{"cameraMode":{"drawMode":0,"name":"Shaded","section":"Shading Mode"},"sceneLighting":true,"audioPlay":false,"sceneViewState":{"showFog":true,"showMaterialUpdate":false,"showSkybox":true,"showFlares":true,"showImageEffects":true,"showParticleSystems":true},"in2DMode":false,"pivot":{"x":-24.809389114379884,"y":-18.753192901611329,"z":-71.726806640625},"rotation":{"x":-0.04892614483833313,"y":0.9454348683357239,"z":-0.16793963313102723,"w":-0.27520087361335757},"size":34.55525588989258,"orthographic":false}