{"cameraMode":{"drawMode":0,"name":"Shaded","section":"Shading Mode"},"sceneLighting":true,"audioPlay":false,"sceneViewState":{"showFog":true,"showMaterialUpdate":false,"showSkybox":true,"showFlares":true,"showImageEffects":true,"showParticleSystems":true},"in2DMode":false,"pivot":{"x":5.305792808532715,"y":3.866278886795044,"z":-20.515352249145509},"rotation":{"x":0.0038767538499087097,"y":0.810494065284729,"z":0.0053440285846591,"w":-0.5857805609703064},"size":2.055097818374634,"orthographic":false}