{"cameraMode":{"drawMode":0,"name":"Shaded","section":"Shading Mode"},"sceneLighting":true,"audioPlay":false,"sceneViewState":{"showFog":true,"showMaterialUpdate":false,"showSkybox":true,"showFlares":true,"showImageEffects":true,"showParticleSystems":true},"in2DMode":false,"pivot":{"x":-1.3447811603546143,"y":3.9742202758789064,"z":-21.91274642944336},"rotation":{"x":0.04922303557395935,"y":-0.7076988220214844,"z":0.04954787343740463,"w":0.7030591368675232},"size":5.211676120758057,"orthographic":false}