{"cameraMode":{"drawMode":0,"name":"Shaded","section":"Shading Mode"},"sceneLighting":false,"audioPlay":false,"sceneViewState":{"showFog":true,"showMaterialUpdate":false,"showSkybox":false,"showFlares":true,"showImageEffects":true,"showParticleSystems":true},"in2DMode":false,"pivot":{"x":58.30057144165039,"y":0.9003969430923462,"z":58.523311614990237},"rotation":{"x":-0.0014279435854405165,"y":-0.995460033416748,"z":0.09736008942127228,"w":-0.012077518738806248},"size":1.1204617023468018,"orthographic":false}