{"cameraMode":{"drawMode":0,"name":"Shaded","section":"Shading Mode"},"sceneLighting":true,"audioPlay":false,"sceneViewState":{"showFog":true,"showMaterialUpdate":false,"showSkybox":true,"showFlares":true,"showImageEffects":true,"showParticleSystems":true},"in2DMode":false,"pivot":{"x":20.410863876342775,"y":1.6977863311767579,"z":-31.50653648376465},"rotation":{"x":-0.35368582606315615,"y":-0.3392786383628845,"z":0.13946233689785005,"w":-0.8604341149330139},"size":25.093820571899415,"orthographic":false}