{"cameraMode":{"drawMode":0,"name":"Shaded","section":"Shading Mode"},"sceneLighting":true,"audioPlay":false,"sceneViewState":{"showFog":true,"showMaterialUpdate":false,"showSkybox":true,"showFlares":true,"showImageEffects":true,"showParticleSystems":true},"in2DMode":false,"pivot":{"x":33.14204406738281,"y":2.518589973449707,"z":-13.791651725769043},"rotation":{"x":-0.008023451082408429,"y":-0.983914315700531,"z":0.1744469553232193,"w":-0.04207959026098251},"size":4.5269012451171879,"orthographic":false}