{"cameraMode":{"drawMode":0,"name":"Shaded","section":"Shading Mode"},"sceneLighting":false,"audioPlay":false,"sceneViewState":{"showFog":true,"showMaterialUpdate":false,"showSkybox":false,"showFlares":true,"showImageEffects":true,"showParticleSystems":true},"in2DMode":false,"pivot":{"x":58.771732330322269,"y":1.0221405029296876,"z":77.03497314453125},"rotation":{"x":-0.38879626989364626,"y":-0.2122020274400711,"z":0.09241820871829987,"w":-0.8920748233795166},"size":2.741014242172241,"orthographic":false}