{"cameraMode":{"drawMode":0,"name":"Shaded","section":"Shading Mode"},"sceneLighting":true,"audioPlay":false,"sceneViewState":{"showFog":true,"showMaterialUpdate":false,"showSkybox":true,"showFlares":true,"showImageEffects":true,"showParticleSystems":true},"in2DMode":false,"pivot":{"x":57.544830322265628,"y":1.4723985195159913,"z":15.041794776916504},"rotation":{"x":0.02722206898033619,"y":0.6932641863822937,"z":-0.025787074118852617,"w":0.7199146747589111},"size":3.1247975826263429,"orthographic":false}