{"cameraMode":{"drawMode":0,"name":"Shaded","section":"Shading Mode"},"sceneLighting":false,"audioPlay":false,"sceneViewState":{"showFog":true,"showMaterialUpdate":false,"showSkybox":false,"showFlares":true,"showImageEffects":true,"showParticleSystems":true},"in2DMode":false,"pivot":{"x":44.66914367675781,"y":1.6714080572128297,"z":66.07527923583985},"rotation":{"x":-0.029342718422412874,"y":0.6884989738464356,"z":-0.027899205684661866,"w":-0.7241091728210449},"size":4.773637294769287,"orthographic":false}