{"cameraMode":{"drawMode":0,"name":"Shaded","section":"Shading Mode"},"sceneLighting":true,"audioPlay":false,"sceneViewState":{"showFog":true,"showMaterialUpdate":false,"showSkybox":false,"showFlares":true,"showImageEffects":true,"showParticleSystems":true},"in2DMode":false,"pivot":{"x":56.2994384765625,"y":3.508781671524048,"z":11.789030075073243},"rotation":{"x":-0.003896306501701474,"y":0.9764382243156433,"z":-0.017573056742548944,"w":-0.21519328653812409},"size":1.2599539756774903,"orthographic":false}