{"cameraMode":{"drawMode":0,"name":"Shaded","section":"Shading Mode"},"sceneLighting":true,"audioPlay":false,"sceneViewState":{"showFog":true,"showMaterialUpdate":false,"showSkybox":true,"showFlares":true,"showImageEffects":true,"showParticleSystems":true},"in2DMode":false,"pivot":{"x":50.685157775878909,"y":-4.628511428833008,"z":74.6784896850586},"rotation":{"x":0.2436167597770691,"y":-0.506567656993866,"z":0.15165790915489198,"w":0.8132953643798828},"size":33.520904541015628,"orthographic":false}