{"cameraMode":{"drawMode":0,"name":"Shaded","section":"Shading Mode"},"sceneLighting":false,"audioPlay":false,"sceneViewState":{"showFog":true,"showMaterialUpdate":false,"showSkybox":false,"showFlares":true,"showImageEffects":true,"showParticleSystems":true},"in2DMode":false,"pivot":{"x":19.649999618530275,"y":3.5999999046325685,"z":-29.400001525878908},"rotation":{"x":-0.01593865640461445,"y":-0.9712552428245544,"z":0.06740200519561768,"w":-0.2280624657869339},"size":2.7060110569000246,"orthographic":false}