{"cameraMode":{"drawMode":0,"name":"Shaded","section":"Shading Mode"},"sceneLighting":true,"audioPlay":false,"sceneViewState":{"showFog":true,"showMaterialUpdate":false,"showSkybox":true,"showFlares":true,"showImageEffects":true,"showParticleSystems":true},"in2DMode":false,"pivot":{"x":41.480159759521487,"y":-6.034061431884766,"z":29.66717529296875},"rotation":{"x":0.1939854472875595,"y":-0.72247314453125,"z":0.22681239247322083,"w":0.624021053314209},"size":28.141176223754884,"orthographic":false}