{"cameraMode":{"drawMode":0,"name":"Shaded","section":"Shading Mode"},"sceneLighting":true,"audioPlay":false,"sceneViewState":{"showFog":true,"showMaterialUpdate":false,"showSkybox":true,"showFlares":true,"showImageEffects":true,"showParticleSystems":true},"in2DMode":false,"pivot":{"x":28.12841796875,"y":1.3232214450836182,"z":112.1430892944336},"rotation":{"x":0.06286812573671341,"y":-0.6301637291908264,"z":0.0509510412812233,"w":0.7723654508590698},"size":3.6189048290252687,"orthographic":false}