{"cameraMode":{"drawMode":0,"name":"Shaded","section":"Shading Mode"},"sceneLighting":true,"audioPlay":false,"sceneViewState":{"showFog":true,"showMaterialUpdate":false,"showSkybox":true,"showFlares":true,"showImageEffects":true,"showParticleSystems":true},"in2DMode":false,"pivot":{"x":59.91020584106445,"y":1.8063545227050782,"z":26.146812438964845},"rotation":{"x":-0.07642919570207596,"y":0.0032757497392594816,"z":-0.0002470912877470255,"w":-0.9971259236335754},"size":4.811004638671875,"orthographic":false}