{"cameraMode":{"drawMode":0,"name":"Shaded","section":"Shading Mode"},"sceneLighting":false,"audioPlay":false,"sceneViewState":{"showFog":true,"showMaterialUpdate":false,"showSkybox":false,"showFlares":true,"showImageEffects":true,"showParticleSystems":true},"in2DMode":false,"pivot":{"x":8.928382873535157,"y":3.4829673767089845,"z":65.25431823730469},"rotation":{"x":-0.13961370289325715,"y":0.6953938007354736,"z":-0.14068575203418733,"w":-0.6909293532371521},"size":4.9047160148620609,"orthographic":false}