{"cameraMode":{"drawMode":0,"name":"Shaded","section":"Shading Mode"},"sceneLighting":true,"audioPlay":false,"sceneViewState":{"showFog":true,"showMaterialUpdate":false,"showSkybox":true,"showFlares":true,"showImageEffects":true,"showParticleSystems":true},"in2DMode":false,"pivot":{"x":84.0193099975586,"y":70.55204772949219,"z":89.4388427734375},"rotation":{"x":-0.23616594076156617,"y":0.7555182576179504,"z":-0.36864525079727175,"w":-0.4880003333091736},"size":40.20405578613281,"orthographic":false}