{"cameraMode":{"drawMode":0,"name":"Shaded","section":"Shading Mode"},"sceneLighting":true,"audioPlay":false,"sceneViewState":{"showFog":true,"showMaterialUpdate":false,"showSkybox":true,"showFlares":true,"showImageEffects":true,"showParticleSystems":true},"in2DMode":false,"pivot":{"x":-18.173383712768556,"y":1.7006129026412964,"z":-29.218833923339845},"rotation":{"x":0.011382732540369034,"y":-0.8293979167938232,"z":0.01692560873925686,"w":0.558314859867096},"size":13.474100112915039,"orthographic":false}