{"cameraMode":{"drawMode":0,"name":"Shaded","section":"Shading Mode"},"sceneLighting":false,"audioPlay":false,"sceneViewState":{"showFog":true,"showMaterialUpdate":false,"showSkybox":false,"showFlares":true,"showImageEffects":true,"showParticleSystems":true},"in2DMode":false,"pivot":{"x":33.729129791259769,"y":2.7269368171691896,"z":66.94767761230469},"rotation":{"x":0.056162334978580478,"y":-0.6235522627830505,"z":0.044962186366319659,"w":0.7785758376121521},"size":0.6157034635543823,"orthographic":false}