{"cameraMode":{"drawMode":0,"name":"Shaded","section":"Shading Mode"},"sceneLighting":true,"audioPlay":false,"sceneViewState":{"showFog":true,"showMaterialUpdate":false,"showSkybox":true,"showFlares":true,"showImageEffects":true,"showParticleSystems":true},"in2DMode":false,"pivot":{"x":34.79484558105469,"y":2.0027012825012209,"z":-22.652687072753908},"rotation":{"x":0.11305604875087738,"y":0.6875894665718079,"z":-0.10958848893642426,"w":0.7088956832885742},"size":12.021440505981446,"orthographic":false}