{"cameraMode":{"drawMode":0,"name":"Shaded","section":"Shading Mode"},"sceneLighting":true,"audioPlay":false,"sceneViewState":{"showFog":true,"showMaterialUpdate":false,"showSkybox":true,"showFlares":true,"showImageEffects":true,"showParticleSystems":true},"in2DMode":false,"pivot":{"x":53.11253356933594,"y":1.5991896390914918,"z":111.65882873535156},"rotation":{"x":0.051065608859062198,"y":-0.7025214433670044,"z":0.05066932365298271,"w":0.7080207467079163},"size":3.293583631515503,"orthographic":false}