{"cameraMode":{"drawMode":0,"name":"Shaded","section":"Shading Mode"},"sceneLighting":true,"audioPlay":false,"sceneViewState":{"showFog":true,"showMaterialUpdate":false,"showSkybox":true,"showFlares":true,"showImageEffects":true,"showParticleSystems":true},"in2DMode":false,"pivot":{"x":42.58353805541992,"y":3.2786967754364015,"z":-29.51290512084961},"rotation":{"x":0.0010316087864339352,"y":-0.9982446432113648,"z":0.05635872110724449,"w":0.018266072496771814},"size":4.130101203918457,"orthographic":false}